produit_original,nom_simplifié
%* AVOCAT,Avocat
%* PATATE DOUCE ORANGE,Patate douce (surgelée)
* 2 FLEX & WASH,* 2 FLEX & WASH
* AVOCAT,Avocat
* AVOCAT HASS 2FRUITS BIOVILLAGE,Avocat
* BANANE SACHET X 5,Banane
* CITRON JAUNE,Citron
* HOVE BIO TERRA DELYSSA 0.75L,Huile d'olive
* MELON DE CAVAILLON,Melon
* MOZZARELLA LAIT DE VACHE 3 X 10,Mozzarella x10
* PECHE BLANCHES FILIERE X4 PDP,Pêche blanche
* PH BLANC X 6 3PLIS UNIVERT,Papier toilette
* POMME BICOLORE BQT 4 FRUITS (0.,Pomme
* TOMATE COTELEE TYPE NOIRE CRIME,Tomate
* TRANCHE DE FETA 150G,Feta
*NOUILLE RIZ 3MM WEI,Nouilles de riz
"0,110 kg X 5,89EURO/kg",Vrac (vente au poids)
"0,225 kg X 3,65EURO/kg",Vrac (vente au poids)
"0,240 kg X 4,59EURO/kg",Vrac (vente au poids)
"0,300 kg X 1,69EURO/kg",Vrac (vente au poids)
"0,330 kg X 3,79EURO/kg",Vrac (vente au poids)
"0,335 kg X 3,29EURO/kg",Vrac (vente au poids)
"0,460 kg X 4,29EURO/kg",Vrac (vente au poids)
"0,500 kg X 2,19EURO/kg",Vrac (vente au poids)
"0,580 kg X 4,79EURO/kg",Vrac (vente au poids)
"0,660 kg X 2,49EURO/kg",Vrac (vente au poids)
"0,705 kg X 3,99EURO/kg",Vrac (vente au poids)
"0,775 kg X 3,49EURO/kg",Vrac (vente au poids)
"0,850 kg X 2,29EURO/kg",Vrac (vente au poids)
"0,960 kg X 1,99EURO/kg",Vrac (vente au poids)
1 MARQUEUR SHARPIE TWIN TIP NO,1 MARQUEUR SHARPIE TWIN TIP NO
"1,015 kg X 3,79EURO/kg",Vrac (vente au poids)
"1,095 kg X 1,99EURO/kg",Vrac (vente au poids)
"1,450 kg X 2,89EURO/kg",Vrac (vente au poids)
10 CAPS ALU BRESIL 52G PLANTA,Capsules café
10 CAPS ALU CAFE LUNGO 52G PLA,Capsules café
10 CAPS ALU CAFE RISTRE 52G PL,Capsules café
10 OEUFS BIO PACA PL,Œufs x10
12 OEUFS BIO - CAL M,Œufs x12
12 OEUFS PLEIN AIR LNA,Œufs x12
"2 X 0,99 EUR","2 X 0,99 EUR"
2X 1.99€,2X 1.99€
2X100 NOTES ROSE/VERT 1PCE,2X100 NOTES ROSE/VERT 1PCE
3 TAMPONS INOX,3 TAMPONS INOX
30 CAPS ALU CAFE EQUIL 156G PL,Capsules café
30 CAPSUL ALU RISTRETTO MR,Capsules café
4 CROCHETS ADH INOX RECTANGLE,4 CROCHETS ADH INOX RECTANGLE
5 COUVERCLES EXTENSIBLES E.1P,5 COUVERCLES EXTENSIBLES E.1P
"5 X 1,59 EUR","5 X 1,59 EUR"
6 OEUFS BIO - CAL. M,Œufs x6
6 OEUFS LABEL ROUGE,Œufs x6
6 OEUFS PLEIN AIR-CA,Œufs x6
ABRICOT VRAC,Abricot
AFFLIGEM BIERE PACK,Bière Affligem
AIRWAVES MENTHL EUCA,Chewing-gum
ALLUMETTES VEGGIE 100G BIO,Allumettes végétales
ALSA LEV.CHIM.ALSAC.,Levure chimique
AMANDE DECORTIQ.HOLYFRUITS 500G,Amandes
ANANAS,Ananas
ANANAS KIWI,Ananas Kiwi (jus)
ANCHOIS A LA CREME D'AIL 200G,Anchois
AOP CHABLIS MR 75CL,Vin
APTA EPONGE GRATTANT,Éponges
APTA ET COMPACT ECOL,APTA ET COMPACT ECOL
APTA SAC POUB LC 20X,Sacs poubelle
ATELIER BLINI HOUMOU,Houmous
AVOCAT,Avocat
AVOCAT AFFINE GROS C,Avocat
AVOINE SANS SUCRES 1L,Lait d'avoine
Adoucissant à la Lavande Certifié Ecodétergent - 1.5L,Adoucissant à la Lavande Certifié Ecodétergent - 1.5L
BANANE 4 DOIGTS ECO+,Banane
BANANE MAX HAVELAAR X5 BIO VILL,Banane
BANANE SACHET X 5,Banane
BANANES 4 FRUITS,Banane
BANANES 5 FRUITS,Banane
BEURRE CACAHUETES CRUNCHY BIO,Beurre de cacahuètes
BEURRE MOULE DOUX 125G PAY.BRE,Beurre
BIERE AFFLIGEM BLE 25CLX6 NEW,Bière Affligem
BJORG BOIS.AMANDE 1L,Lait d'amande
BJORG BOIS.AMANDE S/,Lait d'amande
BJORG TOFU NATURE 2X,Tofu x2
BOITE DE CONSERVATION CARREE 6,BOITE DE CONSERVATION CARREE 6
BOITE RECT. 122 A/CV PURE BOX,BOITE RECT. 122 A/CV PURE BOX
BRET'S CHEVRE PIMENT ESPELETE,Chips / snacks
BRETS ARO PESTO MOZZARELLA,Mozzarella
BRETS CHIPS SCE POM,Chips / snacks
BTE BUGSY TERRE CUITE + 10 SPIR,BTE BUGSY TERRE CUITE + 10 SPIR
BTE MOUCHOIRS X 80 3 PLIS,Mouchoirs
CANNELLE MOULUE DUCROS FL 39G,Cannelle
CARNET AV ENVEL CODE K,CARNET AV ENVEL CODE K
CEREALES DE CAMPAGNE TIPIAK330G,Céréales
CHAB FARINE SEMICOMP,Farine complète
CHAPELET 3 SACHETS LAVANDIN,CHAPELET 3 SACHETS LAVANDIN
CHIPS BRETS BEURRE S,Chips / snacks
CHIPS BRETS CRAQUANT,Chips / snacks
CHIPS LA GOURMANDE VICO 120G,Chips / snacks
CHOC NOIR 85%CACAO 100G T.D OR,Chocolat noir 85%
CHOCO EXCELLENCE NR 85% LINDT,Chocolat noir 85%
CITRON JAUNE,Citron
CN ESPR CLASS N7 CAP,Capsules café
CN ESPR PUISS.N11 CA,Capsules café
CN LUNGO N6 CAPS 30X,Capsules café x30
COCA COLA B.GAZ 1.25,Coca-Cola
COEUR DE SUCRINE *3 (0.95E),Salade sucrine
COMPOTE VAR ALL BIO 12X90G BV,Compote x12
CONCOMBRE,Concombre
CONCOMBRE PIECE,Concombre
COTTAGE CHEESE NATURE 180GX2,Cottage cheese
COURGETTE VERTE LONGUE,Courgette
COUSCOUS PARF.EPICE TIPIAK 510G,Couscous
COUSCOUS PARFUME EPICES DOUCES,Couscous
COUTEAU CUISINE 17CM PRADEL,COUTEAU CUISINE 17CM PRADEL
COUVRE ASSIETTE PP TRANSPARENT,COUVRE ASSIETTE PP TRANSPARENT
"CRISTALINE 1,5L X 6",Eau plate x6
CUISINE VEGETALE FLUIDE,Crème végétale (cuisine)
CURCUMA MOULU,Curcuma
Ch émincés 1kg,Poulet émincé
Cocktail 3 mer,Fruits de mer (surgelé)
Cubes XL 1 kg,Cubes légumes XL (surgelé)
DEB FUET PUR PORC140,Fuet (charcuterie)
DECOLOR STOP X10,Décolor Stop
DOMEDIA 2 CARRES INV,DOMEDIA 2 CARRES INV
DOUBLE CONCENTRE TOMATE J.BIO,Concentré de tomate
DSITRIB SPRAY 250ML PLAST,Spray nettoyant
DUCROS ANETH 13G,Aneth
DUCROS MOULIN POIVR.,DUCROS MOULIN POIVR.
Dentifrice Fraicheur au Menthol - Sans Fluor,Dentifrice Fraicheur au Menthol - Sans Fluor
Déboucheur pour Canalisations Action Rapide,Déboucheur pour Canalisations Action Rapide
EAU DE COCO 1L,Eau de coco
"EAU SOURCE 6X1,5L",Eau plate x6
EBLY BLE NAT 10MN 500G,Blé
EMINCE VEGGIE,Émincés végétaux
EMINCE VEGGIE SAUCE MEXICAINE,Émincés végétaux
EMINCES 100% VEGET.160G ACCRO,Émincés végétaux
EMINCES NATURE VEGETALE 160G,Émincés végétaux
ENCORNET GEANT CUIT ENTIER,Encornet
EPEAUTRE GOURMAND 2X175G,Épeautre
EPONGES GRAT MULTI-USAGE X6,Éponges
ESSUIE TOUT 2PLIS X2 2=4,Essuie-tout
F.MICHON 4T HARICOTS,Haricots
F.MICHON 4T POIS CHI,Charcuterie Michon
FARCE 100% VEGETAL 200G ACCRO,Farce végétale
FARINE BLE T45 1KG TABLIER B,Farine T45
FARINE COMPLETE SARRASIN BIO,Farine complète
FARINE COMPLETE SARRASIN BIO 5,Farine complète
FARINES DES POIS DE,Farine de pois
"FEUTRES ADHESIFS,,1P","FEUTRES ADHESIFS,,1P"
FILET MAQ GRI NAT MSC 1/4 97G P,Maquereau (boîte)
FILET MAQUEREAU MOUTARDE 1/3,Maquereau (boîte)
FILET MAQUERX AROMAT MUSCADET,Maquereau (boîte)
FILETS MAQX VIN BLC CITR ROM,Maquereau (boîte)
FINE CHAPELURE DE PAIN 275G,Chapelure
FLEUR DE SEL DE GUERANDE 1 125,Fleur de sel
FLOCONS D'AVOINE BIO 1KG,Flocons d'avoine
FLOR.GRIS.ARTIG.MULT,Artichaut
FLORETTE HOUMOUS 175,Houmous
FLTS MQX SCE TOMATE SSA PN 169G,Filets de maquereaux sauce tomate
FREED.MENTHE VERTEX5,Chewing-gum
FROMAGE BLANC NATURE 3%MG 1KG,Fromage blanc
FRUITS ET LEGUMES,Fruits et légumes
Fil colin Alaska,Colin (surgelé)
Fil colin Alaska800,Colin (surgelé)
Filet dorade 800,Dorade (surgelée)
GALBANI BURRATA 150G,Burrata
GALETTES EPIN FROM2X100G N&VIE,Galettes épinard-fromage
GAULOIS - 2 BELLES ESC PLT,Escargots surgelés
GERBLE GERME DE BLE SELECTIONN,Germe de blé
GG LE CLASSIQUE SOJA BLE X2 172,Steaks soja-blé
GG LE CLASSIQUE SOJA ET BLE DU,Steaks soja-blé
GINGEMBRE,Gingembre
GINGER BEER 33CL,Ginger beer
GRAINES DE SESAME BIO 200G BV,Graines de sésame
GRANDES TRANCHES SSA COMPLET 82,Pain de mie complet
GRD SSA PARF VARIES 20X90G BV,GRD SSA PARF VARIES 20X90G BV
Gel Douche Lavant Neutre Certifié Cosmos Organic - 1L,Gel Douche Lavant Neutre Certifié Cosmos Organic - 1L
Gel WC Certifié Ecodétergent,Gel WC Certifié Ecodétergent
HACHE TRAD 250G HEURA,Steak haché végétal
HACHE VEGETAL 200G TIBA TEMPEH,Steak haché végétal
HACHE VEGETAL BOLOGN.SOJA BIO,Steak haché végétal
HOUMMOUS 200G TABLE DU MONDE,Houmous
HOUMOUS BLINI 200G,Houmous
HOUMOUS DEGUSTATION 175G,Houmous
HOUMOUS GRAINES DE SESAME 175G,Houmous
HOUMOUS NATURE BIO 175G PO 6BE,Houmous
HUILE DE COCO,Huile de coco
IDS 8 TORTILLAS MAIS,Tortillas maïs
IDS HOUMOUS 180GR,Houmous
IDS JAMBON SPECK 9T,Jambon Speck
IDS MORTADELLE 120GR,Mortadelle
JB SAUCE TAMARI BIO* 140ML,Sauce tamari
JB SIROP D'AGAVE BIO 50CL,Sirop d'agave
Julienne s/résid,Julienne (surgelée)
Julienne s/résidu,Julienne (surgelée)
KARA LAIT DE COCO 20,Lait de coco
LA BOUL TOASTLIGNE C,Pain de mie complet
LAIT AMANDE CALCIUM BJORG 1L,Lait d'amande
LAIT AMANDE SSA BK BIO 1L,Lait d'amande
LAIT COCO SUZI WAN 200ML,Lait de coco
LAIT DE COCO ALLEGE SW 200ML,Lait de coco
LAIT DE COCO KARA 200 ML,Lait de coco
LAIT DE COCO LIGHT BRIQUE 200M,Lait de coco
LENTILLES CORAIL 500G N.JARDIN,Lentilles corail
LES CREA BURRATA BAS,Burrata
LES CREA CHOC.NOIR 8,Chocolat noir 85%
LES CREAT TAB CHOC N,Chocolat noir 85%
LESS.EXPRESS MAIN BIOVIE 200ML,Lessive
LINDT EXCELLENCE NOI,Chocolat Lindt
LOT BRII50%/2E MOINS CHER VEGE,LOT BRII50%/2E MOINS CHER VEGE
LOT BRII5@%/2E MOINS CHER (X2),LOT BRII5@%/2E MOINS CHER (X2)
LOT BRII5@%/2E MOINS CHER VEGE,LOT BRII5@%/2E MOINS CHER VEGE
Lessive Liquide Blanc et Couleurs Certifiée Ecodétergent,Lessive
Lessive en Poudre Blanc & Couleurs Certifiée Ecodétergent - 3kg,Lessive
Liquide de Rinçage pour Lave-Vaisselle Certifié Ecodétergent - 1L,Liquide vaisselle
Lot LOT BRII 2M68PCT CEREAL BIO,Lot LOT BRII 2M68PCT CEREAL BIO
Lég pour wok,Légumes wok (surgelé)
Lég wok 600g,Légumes wok (surgelé)
Légume basqu,Légumes wok (surgelé)
MA PREPARATION VEGGIE BIO,Préparation veggie
MAG DBL NOISETTE 4X85ML,Magnum double noisette
MAQU MOUTARD ANC 169G P.OCEAN,Maquereau (boîte)
MAYO MOUTARDE BIO BOC 238G MR,Mayonnaise
MELON PIECE,Melon
MERCI SALADE MACHE 1,Mâche
MOUCHOIRS BLANCS 15X9 UNI VERT,Mouchoirs
MOUCHOIRS ETUIS 15X9 CARESSE,Mouchoirs
MOUTARDE ANCIENNE AOP BOURGOGN,Moutarde à l'ancienne
MOZZARELLA GALBANI 125G,Mozzarella
MULE PLATE M7P26AS370 39 GRIS/M,MULE PLATE M7P26AS370 39 GRIS/M
MUSCADE MOULUE,Muscade
Mél moule MSC,Fruits de mer (surgelé)
NETT VITROCLEN PISTOLET 250ML,Nettoyant vitrocéramique
NOIX DE CAJOU 300G,Noix de cajou
NOUILLES DE RIZ SACHET 250G,Nouilles de riz
NUII4BAT SALTED CARA,Barre chocolatée
Nettoyant Sols et Surfaces Certifié Ecodétergent,Nettoyant Sols et Surfaces Certifié Ecodétergent
ODYSSEE MAQX MOUTARD,Maquereau (boîte)
ODYSSEE MAQX MUSCADE,Maquereau (boîte)
ODYSSEE MAQX TOMATE,Maquereau (boîte)
ODYSSEE THON PECHE C,Thon (boîte)
OEUF NICEUF PAIR,Œufs
OEUF NICEUF PAIR X6,Œufs x6
OEUFS BIOLOGIQUES X10 MR,Œufs x10
OEUFS PL.AIR BIO CQLP X12,Œufs x12
OLIVES NOIRES CONFITES DENOYAUT,Olives noires
ORANGE DESSERT FILET,ORANGE DESSERT FILET
ORIGAN DE PROVENCE DUCROS 12G,Origan
PAPIER HYGIENIQUE ROSE 12PCE,Papier toilette
PAPRIKA DOUX,Paprika
PAQUI GOURD MULT VAR,Gourde de fruits
PAQUITO EAU DE COCO,Eau de coco
PAQUITO GOURDE SSA P,Gourde de fruits
PARMENTIER SARD CIT,Parmentier de sardines
PARMIGIANO REGG.RAPE 30%MG 60G,Parmesan râpé
PASSOIRE RETRACTABLE ROND,PASSOIRE RETRACTABLE ROND
PASTEQUE,Pastèque
PAT FROM FRAIS 3.6%M,Fromage frais
PAT FROMAGE BLANC 3.,Fromage blanc
PAT SUISSE NAT 9.2%M,Petit-suisse nature
PAT VEG BOISSON AMAN,Lait d'amande
PATURAGES MOZZARELLA,Mozzarella
PDM TOASTILIGNE COMPLET 500G,Pain de mie complet
PECHE BLANCHE,Pêche blanche
PECHE JAUNE,Pêche jaune
"PERRUCHE CASSONA.PDE B.SAY,750",Sucre
PETIT YOPLAIT 3.8% X12,Yaourt Yoplait x12
PETIT YOPLAIT NATURE 0% X12,Yaourt Yoplait x12
"PETITS FROMAGE BLANC NAT3,8% 1",Fromage blanc
PH BLANC X 6 3PLIS UNIVERT,Papier toilette
POIVRON JAUNE,Poivron jaune
POIVRON ROUGE,Poivron rouge
POMME DE TERRE DE CONSOMMATION,Pomme de terre
POMME GALA 6 FRUITS,Pomme
POMME GOLDEN 6 FRUIT,Pomme
POT LINDO 10 BROSSES POMME,POT LINDO 10 BROSSES POMME
PREP CULINAIRE SOJA BIO 3X200M,Crème végétale (cuisine)
PREPARATION SOJA 3X20CL DELISS,Crème végétale (cuisine)
PROTEINES DE SOJA UAD,Protéines de soja
PTITE BTL D'EAU/CAN.,Eau (petite bouteille)
PUR JUS POMME BRETAGNE 1L NRT,Jus de pomme
PUREE DE SESAME BLAN,Tahini
PUREE DE SESAME TAHIN,Tahini
Papier Cadeau Feerie,Papier Cadeau Feerie
Patade douce SRP,Patate douce (surgelée)
Poêlé lég 600g,Poêlée de légumes (surgelée)
QUINOA GOURMAND TIPIAK 400G,Quinoa
REGAIN SIROP AGAVE B,Sirop d'agave
REGAIN TOAST 4 CERE.,Toast céréales
REVEIL DIGITAL RECT EFFET BOIS,REVEIL DIGITAL RECT EFFET BOIS
RIZ BASMATI 1KG CDG,Riz basmati
RIZ LONG SEMI COMPLET 500G BV,Riz semi-complet
Ratatouille 1k,Ratatouille (surgelée)
S PELLEGRINO MOM THE CITRON 6X3,Citron
S.PELLEGRINO ESSENZA PAMPLEMOUS,San Pellegrino
SAC CABAS JUTE BLEU V4,Sac cabas
SACS POUB COULISSANT 20LX20,SACS POUB COULISSANT 20LX20
SACS POUBEL COULISSANT 30LX20,Sacs poubelle
SACS POUBEL COULISSANT 3@LX20,Sacs poubelle
SANPELLEGRINO CITRON-FRAMBOISE,Citron
SANPELLEGRINO CLEMENTINE/PECHE,Pêche
SANPELLEGRINO MOMENTI GRENADE 6,San Pellegrino
SARDINE HLE OLIV.HYACINTHE232G,Sardines (boîte)
SAVON NOIR LIQ 1L,Savon noir
SCHWEPPES GINGER BEE,Ginger beer
SED ENCORNET GEANT C,Encornet
SEITAN 85G BIO X2,Seitan x2
"SHP AVOCAT KARITE,U.DOUX,300ML",Avocat
SIROP D'AGAVE BIO 35,Sirop d'agave
SOJASUN NATURE UHT B,Boisson soja
SOJASUN TONYU NATURE 1 LITRE,Boisson soja
SPATULE PATISSERIE MANCHE BOIS,SPATULE PATISSERIE MANCHE BOIS
SPECIAL KEBAB 100% VEGETAL 160G,Kebab végétal
SPONTEX COMB GRATTE,Éponges
ST ELOI CHOU ROUGE 2,Chou rouge
ST ELOI MACHE SACHET,Mâche
ST ELOI PETITPOIS EF,Petits pois
ST ELOI POIS CHICHE,Pois chiches
ST ELOI RIZ BASMATI,Riz basmati
STEAK GOURMAND POIVRE/PERSIL 16,Steak végétal
SUCRE POUDRE DADDY KRAFT 750G,Sucre
SUN DW SLT REG CART 1K,Liquide vaisselle
SUNNYBIO SIROP AGAVE,Sirop d'agave
SUZI WAN LAIT DE COC,Lait de coco
SUZI WAN VERMICELLES,Nouilles de riz
Sal frt rouge,Saumon (surgelé)
Salade F.exo,Salade exotique (surgelée)
Spray Nettoyant Anticalcaire Certifié Ecodétergent,Spray Nettoyant Anticalcaire Certifié Ecodétergent
Spray Nettoyant Vitres et Surfaces Vitrées Certifié Ecodétergent,Spray Nettoyant Vitres et Surfaces Vitrées Certifié Ecodétergent
TABOULE ORIENT TIPIAK 300G,Taboulé
TIELLES SETOISES 2X110G,Tielles sétoises
TIPIAK COUSCOUS EP.D,Couscous
TIPIAK COUSCOUS EP.M,Couscous
TOFU 250G,Tofu
TOFU FUME BIO 200G,Tofu
TOFU NATURE BJORG,Tofu
TOMATE CERISE ALLONGEE BICOLORE,Tomates cerises
TOMATE CERISE BARQUE,Tomates cerises
TOP BUDGET FROM BLAN,Fromage blanc
TOP BUDGET TRUITE FU,Truite fumée
TOURTEL PECHE S/ALC.,Pêche
TRUITE MER FUMEE 4TR 120G RDM,Truite fumée
Tablettes Lave-vaisselle Certifiées Ecocert x 70,Liquide vaisselle
Tr colin Alask,Colin (surgelé)
VDF CUVEE DES PRINCE,Vin
VICO CURLY DONUTS 10,Chips / snacks
VINAIGRE PULPE DE MANGUE,Vinaigre
VOLAE 6 OEUFS PA G B,Œufs x6
